Lost,n
GO:0005575,1561
GO:0005623,1484
GO:0044464,1484
GO:0008150,1451
GO:0008152,1135
GO:0003674,1072
GO:0009987,1044
GO:0003824,948
GO:0071944,923
GO:0044237,861
GO:0016020,826
GO:0044710,791
GO:0071704,791
GO:0005886,713
GO:0005622,662
GO:0044424,662
GO:0044238,643
GO:0006807,574
GO:0044281,564
GO:0005737,555
GO:1901360,501
GO:0009056,490
GO:0006725,487
GO:1901564,480
GO:0034641,473
GO:0046483,450
GO:0044699,409
GO:0044248,388
GO:1901575,378
GO:0044763,370
GO:0006793,363
GO:0055114,359
GO:0009058,328
GO:1901576,327
GO:0006796,320
GO:0044249,317
GO:0019637,313
GO:0006139,309
GO:0016491,297
GO:0005488,296
GO:0030312,296
GO:0065007,295
GO:0050789,269
GO:0050794,264
GO:0055086,242
GO:0006753,241
GO:0009117,241
GO:0006082,239
GO:0043436,233
GO:0043167,224
GO:1901565,223
GO:0050896,216
GO:0019439,215
GO:0019752,211
GO:0031975,211
GO:0051186,211
GO:0006732,210
GO:0016787,210
GO:0030313,202
GO:1901566,202
GO:1901362,197
GO:0018130,192
GO:0044270,188
GO:0005618,182
GO:0043170,181
GO:1901361,176
GO:0019222,174
GO:0044271,174
GO:0080090,172
GO:0031323,170
GO:0042221,170
GO:0051171,170
GO:0060255,170
GO:0019219,167
GO:0044425,167
GO:0044444,167
GO:0016853,163
GO:0051179,163
GO:0006810,162
GO:0051234,162
GO:0005975,161
GO:0046700,161
GO:0031224,158
GO:0097159,153
GO:1901363,153
GO:0019438,152
GO:0010468,149
GO:0043169,149
GO:0044260,149
GO:0046872,149
GO:0043226,148
GO:0043229,148
GO:0006355,146
GO:0006520,146
GO:0009889,146
GO:0010556,146
GO:0031326,146
GO:0046434,146
GO:0051188,146
GO:0051252,146
GO:2000112,146
GO:2001141,146
GO:0009108,145
GO:1901605,143
GO:0016021,141
GO:0046914,141
GO:0044282,140
GO:0044712,140
GO:1901135,140
GO:0044723,138
GO:0044765,138
GO:0034655,137
GO:0044711,137
GO:0005829,135
GO:0051716,132
GO:0000910,129
GO:0007049,129
GO:0022402,129
GO:0051301,129
GO:0032787,127
GO:0005576,125
GO:0016854,124
GO:0006733,122
GO:0019362,122
GO:0043168,122
GO:0046496,122
GO:0072524,122
GO:0042597,120
GO:1901657,119
GO:0016462,118
GO:0016817,118
GO:0016818,118
GO:0036094,117
GO:0006152,116
GO:0006163,116
GO:0006195,116
GO:0006200,116
GO:0006950,116
GO:0009116,116
GO:0009119,116
GO:0009123,116
GO:0009125,116
GO:0009126,116
GO:0009128,116
GO:0009141,116
GO:0009143,116
GO:0009144,116
GO:0009146,116
GO:0009150,116
GO:0009154,116
GO:0009158,116
GO:0009161,116
GO:0009164,116
GO:0009166,116
GO:0009167,116
GO:0009169,116
GO:0009199,116
GO:0009203,116
GO:0009205,116
GO:0009207,116
GO:0009259,116
GO:0009261,116
GO:0016887,116
GO:0017111,116
GO:0019693,116
GO:0042278,116
GO:0042454,116
GO:0044283,116
GO:0046034,116
GO:0046128,116
GO:0046130,116
GO:0072521,116
GO:0072523,116
GO:1901136,116
GO:1901292,116
GO:1901658,116
GO:0000166,114
GO:0044462,114
GO:1901265,114
GO:0042623,111
GO:0006091,109
GO:0090407,108
GO:0071702,103
GO:0006739,102
GO:0016054,101
GO:0043228,101
GO:0043232,101
GO:0046395,101
GO:0009063,99
GO:0016052,99
GO:0044724,99
GO:0044422,98
GO:0055085,98
GO:0005215,97
GO:0005506,97
GO:0016740,95
GO:1901606,94
GO:0065008,91
GO:0043648,90
GO:0006766,89
GO:0006767,89
GO:0050790,89
GO:0065009,89
GO:0009274,88
GO:0009276,88
GO:0016829,88
GO:0044459,88
GO:0048037,86
GO:0019538,85
GO:0022857,85
GO:0006629,84
GO:0003676,83
GO:0009288,83
GO:0022804,83
GO:0003677,82
GO:0005887,82
GO:0031226,82
GO:0043565,82
GO:0048518,82
GO:0070887,82
GO:0016651,81
GO:0009628,80
GO:0044262,80
GO:0032991,79
GO:0044255,79
GO:0016614,78
GO:0016616,78
GO:0016667,78
GO:0048522,78
GO:0016855,77
GO:0036361,77
GO:0047661,77
GO:0034654,75
GO:0009110,74
GO:0009636,74
GO:0022891,74
GO:0022892,74
GO:0042364,74
GO:0000003,73
GO:0005996,73
GO:0009235,73
GO:0009236,73
GO:0009893,73
GO:0010604,73
GO:0019318,73
GO:0033013,73
GO:0033014,73
GO:0009279,72
GO:0019867,72
GO:0009891,71
GO:0010557,71
GO:0010628,71
GO:0031325,71
GO:0031328,71
GO:0045893,71
GO:0045935,71
GO:0051173,71
GO:0051254,71
GO:0001882,70
GO:0001883,70
GO:0005524,70
GO:0006970,70
GO:0009651,70
GO:0017076,70
GO:0030554,70
GO:0032549,70
GO:0032550,70
GO:0032553,70
GO:0032555,70
GO:0032559,70
GO:0035639,70
GO:0016757,68
GO:0000920,67
GO:0007059,67
GO:0008094,67
GO:0015616,67
GO:0030428,67
GO:0032506,67
GO:0040011,67
GO:0043085,67
GO:0044093,67
GO:0046677,67
GO:0050662,67
GO:0050793,67
GO:0051128,67
GO:0071236,67
GO:0090304,67
GO:0097237,67
GO:0009165,66
GO:0042995,66
GO:0043234,66
GO:0044463,66
GO:0051704,66
GO:1901293,66
GO:0022603,64
GO:1901615,64
GO:0009425,63
GO:0009435,63
GO:0009605,63
GO:0015399,63
GO:0019320,63
GO:0019359,63
GO:0019363,63
GO:0019674,63
GO:0044461,63
GO:0046365,63
GO:0072525,63
GO:0008360,62
GO:0019954,62
GO:0022604,62
GO:0032505,62
GO:0042330,62
GO:0043093,62
GO:0006811,61
GO:0015980,61
GO:0044267,61
GO:0045333,61
GO:0006734,60
GO:0006006,59
GO:0006007,59
GO:0006098,59
GO:0006740,59
GO:0006935,59
GO:0008784,57
GO:0042537,55
GO:0016043,52
GO:0051213,52
GO:0071840,52
GO:0022607,50
GO:0043227,50
GO:0043231,50
GO:0044085,50
GO:0008610,49
GO:0008198,48
GO:0019321,48
GO:0019323,48
GO:0044403,48
GO:0044419,48
GO:0004514,46
GO:0016763,46
GO:0016857,46
GO:0034627,46
GO:0004750,45
GO:0006461,45
GO:0006531,45
GO:0009052,45
GO:0009066,45
GO:0015075,45
GO:0016051,45
GO:0019355,45
GO:0034220,45
GO:0034628,45
GO:0043933,45
GO:0051701,45
GO:0065003,45
GO:0070271,45
GO:0071822,45
GO:0006812,44
GO:0007610,44
GO:0008324,44
GO:0009069,44
GO:0009071,44
GO:0015405,44
GO:0016820,44
GO:0042626,44
GO:0043492,44
GO:0016830,43
GO:0007154,42
GO:0016701,42
GO:0016702,42
GO:0030288,42
GO:0004148,41
GO:0006066,41
GO:0006084,41
GO:0006085,41
GO:0006086,41
GO:0006090,41
GO:0006103,41
GO:0006544,41
GO:0006546,41
GO:0006637,41
GO:0007626,41
GO:0008270,41
GO:0015036,41
GO:0016668,41
GO:0019464,41
GO:0023052,41
GO:0035383,41
GO:0035384,41
GO:0044445,41
GO:0044700,41
GO:0044708,41
GO:0045250,41
GO:0045254,41
GO:0050660,41
GO:0071616,41
GO:0009055,40
GO:0016705,40
GO:0016810,40
GO:0040007,40
GO:0015672,39
GO:0016831,39
GO:0043603,39
GO:0046164,39
GO:0071705,39
GO:1901616,39
GO:0006928,38
GO:0009059,38
GO:0016811,38
GO:0052116,38
GO:0052126,38
GO:0052127,38
GO:0052143,38
GO:0052192,38
GO:0052195,38
GO:0052216,38
GO:0052243,38
GO:0004803,37
GO:0006259,37
GO:0006310,37
GO:0006313,37
GO:0006777,37
GO:0006818,37
GO:0008081,37
GO:0009060,37
GO:0015992,37
GO:0016788,37
GO:0016866,37
GO:0019720,37
GO:0032196,37
GO:0032324,37
GO:0034637,37
GO:0042578,37
GO:0043545,37
GO:0051189,37
GO:0007165,36
GO:0019751,36
GO:0044275,36
GO:0046174,36
GO:0006644,35
GO:0008643,33
GO:0009072,33
GO:0009074,33
GO:0016042,33
GO:0015749,32
GO:0044446,32
GO:0004871,31
GO:0005739,31
GO:0060089,31
GO:0004497,30
GO:0008889,30
GO:0009118,30
GO:0009395,30
GO:0016070,30
GO:0034645,30
GO:0044242,30
GO:0000271,29
GO:0005976,29
GO:0022890,29
GO:0006857,28
GO:0015833,28
GO:0042886,28
GO:0006820,26
GO:0010467,26
GO:0015077,26
GO:0015197,26
GO:0015198,26
GO:0015711,26
GO:0035672,26
GO:0035673,26
GO:0042887,26
GO:0008679,25
GO:0016053,25
GO:0022900,25
GO:0046394,25
GO:0051259,25
GO:0051260,25
GO:0015078,24
GO:0019748,24
GO:0033554,24
GO:0044429,24
GO:0044550,24
GO:1901137,24
GO:0006575,23
GO:0006576,23
GO:0006631,23
GO:0009308,23
GO:0044106,23
GO:0004857,22
GO:0006518,22
GO:0009712,22
GO:0016758,22
GO:0018958,22
GO:0019184,22
GO:0022904,22
GO:0030234,22
GO:0031974,22
GO:0043043,22
GO:0043086,22
GO:0043604,22
GO:0044092,22
GO:0070206,22
GO:0070207,22
GO:0071941,22
GO:1901617,22
GO:0000334,21
GO:0001101,21
GO:0006401,21
GO:0006568,21
GO:0006569,21
GO:0006586,21
GO:0008428,21
GO:0008653,21
GO:0009057,21
GO:0009103,21
GO:0009310,21
GO:0009424,21
GO:0016835,21
GO:0016836,21
GO:0016840,21
GO:0016841,21
GO:0018578,21
GO:0030638,21
GO:0030639,21
GO:0032069,21
GO:0032074,21
GO:0033692,21
GO:0042126,21
GO:0042128,21
GO:0042402,21
GO:0042430,21
GO:0042436,21
GO:0043602,21
GO:0044264,21
GO:0044265,21
GO:0046218,21
GO:0051336,21
GO:0051346,21
GO:0051536,21
GO:0051540,21
GO:0060699,21
GO:0060700,21
GO:0060701,21
GO:0060702,21
GO:2001057,21
GO:0005634,20
GO:0006071,20
GO:0006974,20
GO:0006979,20
GO:0008199,20
GO:0015291,20
GO:0015293,20
GO:0015294,20
GO:0018112,20
GO:0019400,20
GO:0019405,20
GO:0019563,20
GO:0034622,20
GO:0042592,20
GO:0042939,20
GO:0043233,20
GO:0043546,20
GO:0043623,20
GO:0070013,20
GO:0008194,19
GO:0008919,19
GO:0009244,19
GO:0009311,19
GO:0009312,19
GO:0009319,19
GO:0009486,19
GO:0015002,19
GO:0015453,19
GO:0015988,19
GO:0015990,19
GO:0016869,19
GO:0019646,19
GO:0033036,19
GO:0035251,19
GO:0046278,19
GO:0046401,19
GO:0046527,19
GO:0048472,19
GO:0050368,19
GO:0072330,19
GO:0000036,18
GO:0004061,18
GO:0004448,18
GO:0005759,18
GO:0005811,18
GO:0006099,18
GO:0006633,18
GO:0009820,18
GO:0015295,18
GO:0016867,18
GO:0016993,18
GO:0019441,18
GO:0042180,18
GO:0043420,18
GO:0044620,18
GO:0046165,18
GO:0051192,18
GO:0051641,18
GO:0051649,18
GO:0070189,18
GO:0004617,17
GO:0009061,17
GO:0016671,17
GO:0017004,17
GO:0030151,17
GO:0034355,17
GO:0051539,17
GO:0051604,17
GO:0001071,16
GO:0003700,16
GO:0006020,16
GO:0006021,16
GO:0015144,16
GO:0015145,16
GO:0015407,16
GO:0019310,16
GO:0030246,16
GO:0034219,16
GO:0042908,16
GO:0042918,16
GO:0043211,16
GO:0046173,16
GO:0050114,16
GO:0051119,16
GO:0072348,16
GO:1901476,16
GO:0004505,15
GO:0005856,15
GO:0006558,15
GO:0006559,15
GO:0006573,15
GO:0006574,15
GO:0006769,15
GO:0008233,15
GO:0008442,15
GO:0008936,15
GO:0009081,15
GO:0009083,15
GO:0015750,15
GO:0015751,15
GO:0016655,15
GO:0016709,15
GO:0016714,15
GO:0016999,15
GO:0017144,15
GO:0018659,15
GO:0018874,15
GO:0030145,15
GO:0032940,15
GO:0046903,15
GO:0051983,15
GO:1902221,15
GO:1902222,15
GO:0004802,14
GO:0016744,14
GO:0044764,14
GO:0003690,13
GO:0005427,13
GO:0008104,13
GO:0009306,13
GO:0009372,13
GO:0010033,13
GO:0015031,13
GO:0015322,13
GO:0015333,13
GO:0015421,13
GO:0015440,13
GO:0022897,13
GO:0030255,13
GO:0030983,13
GO:0032135,13
GO:0032502,13
GO:0032993,13
GO:0042936,13
GO:0042937,13
GO:0042938,13
GO:0042952,13
GO:0043566,13
GO:0044097,13
GO:0045184,13
GO:0048872,13
GO:0048874,13
GO:0071806,13
GO:0003960,12
GO:0006730,12
GO:0007275,12
GO:0031090,12
GO:0032501,12
GO:0044707,12
GO:0044767,12
GO:0048856,12
GO:0071310,12
GO:0002119,11
GO:0002164,11
GO:0004450,11
GO:0006081,11
GO:0009719,11
GO:0009791,11
GO:0071495,11
GO:0000160,10
GO:0005342,10
GO:0005783,10
GO:0006464,10
GO:0008509,10
GO:0008514,10
GO:0009725,10
GO:0015849,10
GO:0016627,10
GO:0016708,10
GO:0018624,10
GO:0036211,10
GO:0043412,10
GO:0046487,10
GO:0046942,10
GO:0046943,10
GO:0000156,9
GO:0005740,9
GO:0005743,9
GO:0006351,9
GO:0009790,9
GO:0019866,9
GO:0031966,9
GO:0031967,9
GO:0032774,9
GO:0035556,9
GO:0070011,9
GO:0003333,8
GO:0006097,8
GO:0006865,8
GO:0008236,8
GO:0009653,8
GO:0009792,8
GO:0015171,8
GO:0016192,8
GO:0016746,8
GO:0017171,8
GO:0022414,8
GO:0030154,8
GO:0048513,8
GO:0048731,8
GO:0048869,8
GO:0000287,7
GO:0004312,7
GO:0004318,7
GO:0004620,7
GO:0004629,7
GO:0005310,7
GO:0006102,7
GO:0006508,7
GO:0006790,7
GO:0006835,7
GO:0007568,7
GO:0008340,7
GO:0009405,7
GO:0009735,7
GO:0009736,7
GO:0009755,7
GO:0010035,7
GO:0010038,7
GO:0010259,7
GO:0015179,7
GO:0015296,7
GO:0015807,7
GO:0016298,7
GO:0016310,7
GO:0016597,7
GO:0016628,7
GO:0016747,7
GO:0031406,7
GO:0032870,7
GO:0034480,7
GO:0035821,7
GO:0042558,7
GO:0044003,7
GO:0048878,7
GO:0051817,7
GO:0052008,7
GO:0052043,7
GO:0052111,7
GO:0052185,7
GO:0052188,7
GO:0052368,7
GO:0071368,7
GO:0072350,7
GO:0001654,6
GO:0006004,6
GO:0006897,6
GO:0007399,6
GO:0007417,6
GO:0007420,6
GO:0007423,6
GO:0008652,6
GO:0008794,6
GO:0009439,6
GO:0009440,6
GO:0009887,6
GO:0009898,6
GO:0010876,6
GO:0012505,6
GO:0017085,6
GO:0019098,6
GO:0019725,6
GO:0019915,6
GO:0030611,6
GO:0030613,6
GO:0030614,6
GO:0032504,6
GO:0033057,6
GO:0043010,6
GO:0044706,6
GO:0048468,6
GO:0048519,6
GO:0048592,6
GO:0048593,6
GO:0048609,6
GO:0051239,6
GO:0055082,6
GO:0001666,5
GO:0004040,5
GO:0004609,5
GO:0005790,5
GO:0006694,5
GO:0006996,5
GO:0007267,5
GO:0008202,5
GO:0008446,5
GO:0008654,5
GO:0009266,5
GO:0009297,5
GO:0015138,5
GO:0015140,5
GO:0015141,5
GO:0015172,5
GO:0015183,5
GO:0015366,5
GO:0015556,5
GO:0015740,5
GO:0015741,5
GO:0015743,5
GO:0015744,5
GO:0015800,5
GO:0015810,5
GO:0016023,5
GO:0016229,5
GO:0016645,5
GO:0030001,5
GO:0030030,5
GO:0030031,5
GO:0030135,5
GO:0031410,5
GO:0031982,5
GO:0031988,5
GO:0035690,5
GO:0036293,5
GO:0042493,5
GO:0043711,5
GO:0044455,5
GO:0046873,5
GO:0048583,5
GO:0051130,5
GO:0070482,5
GO:0070778,5
GO:0071422,5
GO:0071423,5
GO:1901607,5
GO:1901700,5
GO:0000096,4
GO:0002237,4
GO:0004672,4
GO:0005509,4
GO:0005789,4
GO:0006124,4
GO:0006468,4
GO:0006760,4
GO:0008115,4
GO:0009607,4
GO:0009617,4
GO:0009991,4
GO:0010243,4
GO:0010638,4
GO:0016301,4
GO:0016647,4
GO:0016772,4
GO:0016773,4
GO:0019478,4
GO:0031667,4
GO:0032879,4
GO:0033043,4
GO:0042175,4
GO:0044272,4
GO:0044273,4
GO:0044428,4
GO:0044432,4
GO:0046416,4
GO:0046653,4
GO:0050801,4
GO:0051537,4
GO:0051707,4
GO:0055065,4
GO:0055076,4
GO:0055080,4
GO:0071241,4
GO:0071248,4
GO:0071417,4
GO:1901698,4
GO:1901699,4
GO:1901701,4
GO:0000041,3
GO:0000098,3
GO:0000155,3
GO:0001505,3
GO:0001678,3
GO:0001754,3
GO:0001963,3
GO:0001975,3
GO:0003007,3
GO:0003008,3
GO:0003407,3
GO:0003954,3
GO:0004510,3
GO:0004511,3
GO:0004673,3
GO:0004872,3
GO:0005381,3
GO:0005504,3
GO:0005515,3
GO:0005746,3
GO:0005747,3
GO:0006119,3
GO:0006120,3
GO:0006534,3
GO:0006570,3
GO:0006571,3
GO:0006582,3
GO:0006584,3
GO:0006585,3
GO:0006587,3
GO:0006643,3
GO:0006665,3
GO:0006706,3
GO:0006707,3
GO:0006720,3
GO:0006726,3
GO:0006826,3
GO:0006873,3
GO:0006875,3
GO:0006879,3
GO:0006898,3
GO:0006909,3
GO:0007010,3
GO:0007166,3
GO:0007219,3
GO:0007268,3
GO:0007270,3
GO:0007444,3
GO:0007507,3
GO:0007564,3
GO:0007591,3
GO:0007593,3
GO:0007600,3
GO:0007601,3
GO:0007605,3
GO:0007611,3
GO:0007612,3
GO:0007613,3
GO:0007616,3
GO:0007617,3
GO:0007618,3
GO:0007619,3
GO:0007622,3
GO:0007623,3
GO:0007631,3
GO:0007638,3
GO:0008016,3
GO:0008021,3
GO:0008049,3
GO:0008137,3
GO:0008203,3
GO:0008289,3
GO:0008344,3
GO:0008417,3
GO:0008738,3
GO:0009073,3
GO:0009093,3
GO:0009095,3
GO:0009106,3
GO:0009107,3
GO:0009225,3
GO:0009226,3
GO:0009249,3
GO:0009268,3
GO:0009309,3
GO:0009314,3
GO:0009414,3
GO:0009415,3
GO:0009416,3
GO:0009507,3
GO:0009532,3
GO:0009536,3
GO:0009570,3
GO:0009611,3
GO:0009612,3
GO:0009635,3
GO:0009713,3
GO:0009743,3
GO:0009746,3
GO:0009749,3
GO:0009767,3
GO:0009890,3
GO:0009892,3
GO:0009966,3
GO:0009967,3
GO:0010042,3
GO:0010043,3
GO:0010045,3
GO:0010171,3
GO:0010226,3
GO:0010447,3
GO:0010558,3
GO:0010605,3
GO:0010629,3
GO:0010632,3
GO:0010646,3
GO:0010647,3
GO:0010842,3
GO:0010927,3
GO:0012506,3
GO:0014070,3
GO:0014075,3
GO:0014823,3
GO:0015343,3
GO:0015603,3
GO:0015658,3
GO:0015688,3
GO:0015803,3
GO:0015837,3
GO:0015842,3
GO:0015891,3
GO:0015979,3
GO:0016125,3
GO:0016127,3
GO:0016137,3
GO:0016775,3
GO:0016832,3
GO:0016846,3
GO:0017015,3
GO:0018065,3
GO:0018126,3
GO:0018963,3
GO:0018991,3
GO:0019148,3
GO:0019226,3
GO:0019317,3
GO:0019447,3
GO:0019566,3
GO:0019568,3
GO:0019571,3
GO:0019673,3
GO:0019684,3
GO:0019825,3
GO:0019842,3
GO:0020011,3
GO:0021537,3
GO:0021543,3
GO:0021545,3
GO:0021550,3
GO:0021564,3
GO:0021675,3
GO:0021700,3
GO:0021744,3
GO:0021783,3
GO:0021987,3
GO:0022008,3
GO:0022404,3
GO:0022410,3
GO:0023014,3
GO:0023051,3
GO:0023056,3
GO:0030003,3
GO:0030016,3
GO:0030017,3
GO:0030029,3
GO:0030036,3
GO:0030136,3
GO:0030182,3
GO:0030239,3
GO:0030278,3
GO:0030279,3
GO:0030334,3
GO:0030424,3
GO:0030425,3
GO:0030511,3
GO:0030534,3
GO:0030659,3
GO:0030879,3
GO:0030900,3
GO:0030902,3
GO:0030964,3
GO:0031032,3
GO:0031033,3
GO:0031034,3
GO:0031076,3
GO:0031177,3
GO:0031324,3
GO:0031327,3
GO:0031960,3
GO:0032025,3
GO:0032094,3
GO:0032355,3
GO:0032496,3
GO:0032989,3
GO:0033076,3
GO:0033162,3
GO:0033212,3
GO:0033214,3
GO:0033218,3
GO:0033238,3
GO:0033267,3
GO:0033293,3
GO:0033500,3
GO:0033765,3
GO:0033993,3
GO:0034284,3
GO:0034607,3
GO:0034617,3
GO:0034755,3
GO:0035094,3
GO:0035176,3
GO:0035178,3
GO:0035220,3
GO:0035240,3
GO:0035637,3
GO:0035902,3
GO:0036065,3
GO:0038023,3
GO:0040002,3
GO:0040008,3
GO:0040009,3
GO:0040010,3
GO:0040012,3
GO:0040014,3
GO:0040018,3
GO:0040024,3
GO:0040040,3
GO:0042053,3
GO:0042069,3
GO:0042133,3
GO:0042136,3
GO:0042214,3
GO:0042303,3
GO:0042335,3
GO:0042350,3
GO:0042351,3
GO:0042354,3
GO:0042355,3
GO:0042401,3
GO:0042414,3
GO:0042415,3
GO:0042416,3
GO:0042417,3
GO:0042418,3
GO:0042421,3
GO:0042423,3
GO:0042427,3
GO:0042428,3
GO:0042435,3
GO:0042438,3
GO:0042440,3
GO:0042441,3
GO:0042461,3
GO:0042462,3
GO:0042470,3
GO:0042593,3
GO:0042692,3
GO:0042745,3
GO:0042749,3
GO:0042752,3
GO:0042755,3
GO:0042773,3
GO:0042775,3
GO:0042802,3
GO:0042803,3
GO:0042927,3
GO:0043005,3
GO:0043025,3
GO:0043051,3
GO:0043052,3
GO:0043190,3
GO:0043195,3
GO:0043204,3
GO:0043279,3
GO:0043292,3
GO:0043324,3
GO:0043434,3
GO:0043473,3
GO:0043474,3
GO:0043627,3
GO:0043679,3
GO:0043900,3
GO:0044057,3
GO:0044111,3
GO:0044115,3
GO:0044297,3
GO:0044306,3
GO:0044433,3
GO:0044434,3
GO:0044435,3
GO:0044449,3
GO:0044456,3
GO:0044702,3
GO:0044703,3
GO:0044704,3
GO:0044718,3
GO:0045009,3
GO:0045187,3
GO:0045202,3
GO:0045271,3
GO:0045471,3
GO:0045472,3
GO:0045892,3
GO:0045927,3
GO:0045934,3
GO:0046146,3
GO:0046148,3
GO:0046185,3
GO:0046189,3
GO:0046219,3
GO:0046368,3
GO:0046372,3
GO:0046438,3
GO:0046530,3
GO:0046662,3
GO:0046684,3
GO:0046849,3
GO:0046915,3
GO:0046916,3
GO:0046958,3
GO:0046959,3
GO:0046983,3
GO:0047571,3
GO:0048048,3
GO:0048066,3
GO:0048067,3
GO:0048069,3
GO:0048070,3
GO:0048079,3
GO:0048082,3
GO:0048085,3
GO:0048483,3
GO:0048486,3
GO:0048489,3
GO:0048511,3
GO:0048512,3
GO:0048523,3
GO:0048545,3
GO:0048562,3
GO:0048568,3
GO:0048584,3
GO:0048596,3
GO:0048598,3
GO:0048646,3
GO:0048666,3
GO:0048699,3
GO:0048732,3
GO:0048770,3
GO:0048771,3
GO:0048857,3
GO:0050136,3
GO:0050661,3
GO:0050795,3
GO:0050877,3
GO:0050890,3
GO:0050897,3
GO:0050953,3
GO:0050954,3
GO:0051146,3
GO:0051172,3
GO:0051240,3
GO:0051241,3
GO:0051253,3
GO:0051262,3
GO:0051270,3
GO:0051289,3
GO:0051302,3
GO:0051384,3
GO:0051385,3
GO:0051412,3
GO:0051592,3
GO:0051602,3
GO:0051640,3
GO:0051648,3
GO:0051650,3
GO:0051656,3
GO:0051703,3
GO:0051705,3
GO:0052314,3
GO:0055001,3
GO:0055002,3
GO:0055052,3
GO:0055072,3
GO:0055120,3
GO:0060041,3
GO:0060042,3
GO:0060179,3
GO:0060259,3
GO:0060749,3
GO:0061061,3
GO:0061377,3
GO:0070085,3
GO:0070401,3
GO:0070469,3
GO:0070848,3
GO:0070925,3
GO:0071285,3
GO:0071287,3
GO:0071312,3
GO:0071316,3
GO:0071322,3
GO:0071326,3
GO:0071331,3
GO:0071333,3
GO:0071363,3
GO:0071407,3
GO:0071688,3
GO:0072341,3
GO:0072358,3
GO:0072359,3
GO:0075015,3
GO:0080167,3
GO:0090092,3
GO:0090100,3
GO:0090287,3
GO:0097305,3
GO:0097458,3
GO:0097479,3
GO:0097480,3
GO:1901160,3
GO:1901162,3
GO:1901338,3
GO:1901652,3
GO:1901654,3
GO:1901678,3
GO:2000026,3
GO:2000035,3
GO:2000113,3
GO:2000145,3
GO:2000241,3
GO:2000274,3
GO:0000139,2
GO:0000255,2
GO:0000256,2
GO:0000975,2
GO:0000976,2
GO:0001067,2
GO:0002009,2
GO:0003006,2
GO:0003854,2
GO:0003952,2
GO:0004175,2
GO:0004252,2
GO:0004309,2
GO:0004397,2
GO:0004769,2
GO:0005304,2
GO:0005343,2
GO:0005635,2
GO:0005654,2
GO:0005758,2
GO:0005793,2
GO:0005794,2
GO:0006646,2
GO:0006650,2
GO:0006656,2
GO:0006702,2
GO:0006704,2
GO:0006705,2
GO:0006814,2
GO:0006888,2
GO:0007030,2
GO:0007548,2
GO:0008209,2
GO:0008211,2
GO:0008212,2
GO:0008660,2
GO:0008795,2
GO:0009401,2
GO:0009436,2
GO:0009442,2
GO:0009888,2
GO:0010635,2
GO:0010636,2
GO:0010817,2
GO:0010821,2
GO:0010822,2
GO:0010954,2
GO:0015081,2
GO:0015175,2
GO:0015370,2
GO:0015562,2
GO:0015804,2
GO:0015829,2
GO:0016482,2
GO:0016860,2
GO:0016863,2
GO:0016874,2
GO:0016879,2
GO:0016880,2
GO:0016884,2
GO:0017153,2
GO:0019239,2
GO:0019541,2
GO:0030133,2
GO:0030134,2
GO:0030868,2
GO:0031300,2
GO:0031301,2
GO:0031304,2
GO:0031305,2
GO:0031970,2
GO:0031981,2
GO:0032592,2
GO:0033116,2
GO:0033764,2
GO:0034754,2
GO:0035725,2
GO:0040035,2
GO:0042398,2
GO:0042439,2
GO:0042445,2
GO:0042446,2
GO:0043605,2
GO:0044212,2
GO:0044431,2
GO:0045017,2
GO:0045165,2
GO:0045168,2
GO:0045169,2
GO:0046331,2
GO:0046337,2
GO:0046459,2
GO:0046470,2
GO:0046474,2
GO:0046486,2
GO:0046907,2
GO:0048193,2
GO:0048608,2
GO:0048729,2
GO:0048806,2
GO:0051094,2
GO:0051246,2
GO:0051247,2
GO:0051409,2
GO:0060429,2
GO:0061458,2
GO:0070613,2
GO:0071214,2
GO:0071467,2
GO:0071468,2
GO:0071500,2
GO:0072329,2
GO:0097425,2
GO:0000984,1
GO:0000986,1
GO:0000987,1
GO:0001017,1
GO:0001046,1
GO:0001047,1
GO:0001159,1
GO:0003723,1
GO:0003725,1
GO:0003727,1
GO:0004034,1
GO:0004180,1
GO:0004451,1
GO:0004474,1
GO:0004674,1
GO:0005539,1
GO:0005615,1
GO:0006012,1
GO:0006089,1
GO:0006342,1
GO:0006547,1
GO:0006548,1
GO:0006749,1
GO:0006750,1
GO:0006751,1
GO:0006797,1
GO:0006798,1
GO:0006805,1
GO:0006984,1
GO:0006986,1
GO:0007155,1
GO:0008235,1
GO:0008237,1
GO:0008238,1
GO:0008242,1
GO:0008483,1
GO:0008645,1
GO:0008894,1
GO:0009256,1
GO:0009257,1
GO:0009267,1
GO:0009396,1
GO:0009408,1
GO:0009410,1
GO:0009438,1
GO:0009847,1
GO:0010608,1
GO:0015758,1
GO:0015766,1
GO:0015770,1
GO:0015772,1
GO:0015949,1
GO:0016458,1
GO:0016646,1
GO:0016769,1
GO:0016805,1
GO:0016833,1
GO:0019172,1
GO:0019243,1
GO:0019249,1
GO:0019333,1
GO:0019388,1
GO:0022610,1
GO:0030170,1
GO:0030968,1
GO:0031047,1
GO:0031048,1
GO:0031334,1
GO:0031668,1
GO:0031669,1
GO:0032494,1
GO:0033499,1
GO:0033592,1
GO:0034057,1
GO:0034354,1
GO:0034620,1
GO:0034976,1
GO:0035966,1
GO:0035967,1
GO:0040029,1
GO:0042219,1
GO:0042559,1
GO:0042594,1
GO:0042710,1
GO:0042834,1
GO:0043171,1
GO:0043254,1
GO:0043650,1
GO:0043708,1
GO:0044087,1
GO:0044421,1
GO:0045814,1
GO:0046437,1
GO:0046654,1
GO:0046655,1
GO:0046656,1
GO:0046685,1
GO:0046686,1
GO:0046777,1
GO:0046912,1
GO:0047484,1
GO:0047810,1
GO:0051049,1
GO:0051050,1
GO:0051595,1
GO:0051596,1
GO:0052803,1
GO:0052805,1
GO:0055069,1
GO:0060241,1
GO:0070573,1
GO:0071172,1
GO:0071216,1
GO:0071219,1
GO:0071224,1
GO:0071276,1
GO:0071466,1
GO:0071496,1
GO:0071585,1
GO:0072507,1
GO:0080134,1
GO:0097367,1
GO:0097501,1
GO:1990170,1
GO:2000142,1
GO:2000144,1
GO:2001023,1